{
  "project_info": {
    "project_number": "79266892673",
    "project_id": "soulsaver11",
    "storage_bucket": "soulsaver11.appspot.com"
  },
  "client": [
    {
      "client_info": {
        "mobilesdk_app_id": "1:79266892673:android:eb7f0bd1e641375c79f680",
        "android_client_info": {
          "package_name": "com.abraamsapplication.app"
        }
      },
      "oauth_client": [],
      "api_key": [
        {
          "current_key": "AIzaSyCzRulUHGWDlhMcJtBF4JIWd50mkZeY3fQ"
        }
      ],
      "services": {
        "appinvite_service": {
          "other_platform_oauth_client": []
        }
      }
    }
  ],
  "configuration_version": "1"
}